COD REG.,REGION NOMBRE,COD.PRV,PRV NOMBRE,COD.COMUNA,COM NOMBRE
15,REGION DE ARICA Y PARINACOTA,151,ARICA,15101,ARICA
15,REGION DE ARICA Y PARINACOTA,151,ARICA,15102,CAMARONES
15,REGION DE ARICA Y PARINACOTA,152,PARINACOTA,15201,PUTRE
15,REGION DE ARICA Y PARINACOTA,152,PARINACOTA,15202,GENERAL LAGOS
1,REGION DE TARAPACA,11,IQUIQUE,1101,IQUIQUE
1,REGION DE TARAPACA,11,IQUIQUE,1107,ALTO HOSPICIO
1,REGION DE TARAPACA,14,TAMARUGAL,1401,POZO ALMONTE
1,REGION DE TARAPACA,14,TAMARUGAL,1402,CAMIÑA
1,REGION DE TARAPACA,14,TAMARUGAL,1403,COLCHANE
1,REGION DE TARAPACA,14,TAMARUGAL,1404,HUARA
1,REGION DE TARAPACA,14,TAMARUGAL,1405,PICA
2,REGION DE ANTOFAGASTA,21,ANTOFAGASTA,2101,ANTOFAGASTA
2,REGION DE ANTOFAGASTA,21,ANTOFAGASTA,2102,MEJILLONES
2,REGION DE ANTOFAGASTA,21,ANTOFAGASTA,2103,SIERRA GORDA
2,REGION DE ANTOFAGASTA,21,ANTOFAGASTA,2104,TALTAL
2,REGION DE ANTOFAGASTA,22,EL LOA,2201,CALAMA
2,REGION DE ANTOFAGASTA,22,EL LOA,2202,OLLAGUE
2,REGION DE ANTOFAGASTA,22,EL LOA,2203,SAN PEDRO DE ATACAMA
2,REGION DE ANTOFAGASTA,23,TOCOPILLA,2301,TOCOPILLA
2,REGION DE ANTOFAGASTA,23,TOCOPILLA,2302,MARIA ELENA
3,REGION DE ATACAMA,31,COPIAPO,3101,COPIAPO
3,REGION DE ATACAMA,31,COPIAPO,3102,CALDERA
3,REGION DE ATACAMA,31,COPIAPO,3103,TIERRA AMARILLA
3,REGION DE ATACAMA,32,CHAÑARAL,3201,CHAÑARAL
3,REGION DE ATACAMA,32,CHAÑARAL,3202,DIEGO DE ALMAGRO
3,REGION DE ATACAMA,33,HUASCO,3301,VALLENAR
3,REGION DE ATACAMA,33,HUASCO,3302,ALTO DEL CARMEN
3,REGION DE ATACAMA,33,HUASCO,3303,FREIRINA
3,REGION DE ATACAMA,33,HUASCO,3304,HUASCO
4,REGION DE COQUIMBO,41,ELQUI,4101,LA SERENA
4,REGION DE COQUIMBO,41,ELQUI,4102,COQUIMBO
4,REGION DE COQUIMBO,41,ELQUI,4103,ANDACOLLO
4,REGION DE COQUIMBO,41,ELQUI,4104,LA HIGUERA
4,REGION DE COQUIMBO,41,ELQUI,4105,PAIGUANO
4,REGION DE COQUIMBO,41,ELQUI,4106,VICUÑA
4,REGION DE COQUIMBO,42,CHOAPA,4201,ILLAPEL
4,REGION DE COQUIMBO,42,CHOAPA,4202,CANELA
4,REGION DE COQUIMBO,42,CHOAPA,4203,LOS VILOS
4,REGION DE COQUIMBO,42,CHOAPA,4204,SALAMANCA
4,REGION DE COQUIMBO,43,LIMARI,4301,OVALLE
4,REGION DE COQUIMBO,43,LIMARI,4302,COMBARBALA
4,REGION DE COQUIMBO,43,LIMARI,4303,MONTE PATRIA
4,REGION DE COQUIMBO,43,LIMARI,4304,PUNITAQUI
4,REGION DE COQUIMBO,43,LIMARI,4305,RIO HURTADO
5,REGION DE VALPARAISO,51,VALPARAISO,5101,VALPARAISO
5,REGION DE VALPARAISO,51,VALPARAISO,5102,CASABLANCA
5,REGION DE VALPARAISO,51,VALPARAISO,5103,CON CON
5,REGION DE VALPARAISO,51,VALPARAISO,5104,JUAN FERNANDEZ
5,REGION DE VALPARAISO,51,VALPARAISO,5105,PUCHUNCAVI
5,REGION DE VALPARAISO,51,VALPARAISO,5107,QUINTERO
5,REGION DE VALPARAISO,51,VALPARAISO,5109,VIÑA DEL MAR
5,REGION DE VALPARAISO,52,ISLA DE PASCUA,5201,ISLA DE PASCUA
5,REGION DE VALPARAISO,53,LOS ANDES,5301,LOS ANDES
5,REGION DE VALPARAISO,53,LOS ANDES,5302,CALLE LARGA
5,REGION DE VALPARAISO,53,LOS ANDES,5303,RINCONADA
5,REGION DE VALPARAISO,53,LOS ANDES,5304,SAN ESTEBAN
5,REGION DE VALPARAISO,54,PETORCA,5401,LA LIGUA
5,REGION DE VALPARAISO,54,PETORCA,5402,CABILDO
5,REGION DE VALPARAISO,54,PETORCA,5403,PAPUDO
5,REGION DE VALPARAISO,54,PETORCA,5404,PETORCA
5,REGION DE VALPARAISO,54,PETORCA,5405,ZAPALLAR
5,REGION DE VALPARAISO,55,QUILLOTA,5501,QUILLOTA
5,REGION DE VALPARAISO,55,QUILLOTA,5502,CALERA
5,REGION DE VALPARAISO,55,QUILLOTA,5503,HIJUELAS
5,REGION DE VALPARAISO,55,QUILLOTA,5504,LA CRUZ
5,REGION DE VALPARAISO,55,QUILLOTA,5506,NOGALES
5,REGION DE VALPARAISO,56,SAN ANTONIO,5601,SAN ANTONIO
5,REGION DE VALPARAISO,56,SAN ANTONIO,5602,ALGARROBO
5,REGION DE VALPARAISO,56,SAN ANTONIO,5603,CARTAGENA
5,REGION DE VALPARAISO,56,SAN ANTONIO,5604,EL QUISCO
5,REGION DE VALPARAISO,56,SAN ANTONIO,5605,EL TABO
5,REGION DE VALPARAISO,56,SAN ANTONIO,5606,SANTO DOMINGO
5,REGION DE VALPARAISO,57,SAN FELIPE DE ACONCAGUA,5701,SAN FELIPE
5,REGION DE VALPARAISO,57,SAN FELIPE DE ACONCAGUA,5702,CATEMU
5,REGION DE VALPARAISO,57,SAN FELIPE DE ACONCAGUA,5703,LLAILLAY
5,REGION DE VALPARAISO,57,SAN FELIPE DE ACONCAGUA,5704,PANQUEHUE
5,REGION DE VALPARAISO,57,SAN FELIPE DE ACONCAGUA,5705,PUTAENDO
5,REGION DE VALPARAISO,57,SAN FELIPE DE ACONCAGUA,5706,SANTA MARIA
5,REGION DE VALPARAISO,58,MARGA MARGA,5801,QUILPUE
5,REGION DE VALPARAISO,58,MARGA MARGA,5802,LIMACHE
5,REGION DE VALPARAISO,58,MARGA MARGA,5803,OLMUE
5,REGION DE VALPARAISO,58,MARGA MARGA,5804,VILLA ALEMANA
13,REGION METROPOLITANA DE SANTIAGO,131,SANTIAGO,13101,SANTIAGO
13,REGION METROPOLITANA DE SANTIAGO,131,SANTIAGO,13102,CERRILLOS
13,REGION METROPOLITANA DE SANTIAGO,131,SANTIAGO,13103,CERRO NAVIA
13,REGION METROPOLITANA DE SANTIAGO,131,SANTIAGO,13104,CONCHALI
13,REGION METROPOLITANA DE SANTIAGO,131,SANTIAGO,13105,EL BOSQUE
13,REGION METROPOLITANA DE SANTIAGO,131,SANTIAGO,13106,ESTACION CENTRAL
13,REGION METROPOLITANA DE SANTIAGO,131,SANTIAGO,13107,HUECHURABA
13,REGION METROPOLITANA DE SANTIAGO,131,SANTIAGO,13108,INDEPENDENCIA
13,REGION METROPOLITANA DE SANTIAGO,131,SANTIAGO,13109,LA CISTERNA
13,REGION METROPOLITANA DE SANTIAGO,131,SANTIAGO,13110,LA FLORIDA
13,REGION METROPOLITANA DE SANTIAGO,131,SANTIAGO,13111,LA GRANJA
13,REGION METROPOLITANA DE SANTIAGO,131,SANTIAGO,13112,LA PINTANA
13,REGION METROPOLITANA DE SANTIAGO,131,SANTIAGO,13113,LA REINA
13,REGION METROPOLITANA DE SANTIAGO,131,SANTIAGO,13114,LAS CONDES
13,REGION METROPOLITANA DE SANTIAGO,131,SANTIAGO,13115,LO BARNECHEA
13,REGION METROPOLITANA DE SANTIAGO,131,SANTIAGO,13116,LO ESPEJO
13,REGION METROPOLITANA DE SANTIAGO,131,SANTIAGO,13117,LO PRADO
13,REGION METROPOLITANA DE SANTIAGO,131,SANTIAGO,13118,MACUL
13,REGION METROPOLITANA DE SANTIAGO,131,SANTIAGO,13119,MAIPU
13,REGION METROPOLITANA DE SANTIAGO,131,SANTIAGO,13120,ÑUÑOA
13,REGION METROPOLITANA DE SANTIAGO,131,SANTIAGO,13121,PEDRO AGUIRRE CERDA
13,REGION METROPOLITANA DE SANTIAGO,131,SANTIAGO,13122,PEÑALOLEN
13,REGION METROPOLITANA DE SANTIAGO,131,SANTIAGO,13123,PROVIDENCIA
13,REGION METROPOLITANA DE SANTIAGO,131,SANTIAGO,13124,PUDAHUEL
13,REGION METROPOLITANA DE SANTIAGO,131,SANTIAGO,13125,QUILICURA
13,REGION METROPOLITANA DE SANTIAGO,131,SANTIAGO,13126,QUINTA NORMAL
13,REGION METROPOLITANA DE SANTIAGO,131,SANTIAGO,13127,RECOLETA
13,REGION METROPOLITANA DE SANTIAGO,131,SANTIAGO,13128,RENCA
13,REGION METROPOLITANA DE SANTIAGO,131,SANTIAGO,13129,SAN JOAQUIN
13,REGION METROPOLITANA DE SANTIAGO,131,SANTIAGO,13130,SAN MIGUEL
13,REGION METROPOLITANA DE SANTIAGO,131,SANTIAGO,13131,SAN RAMON
13,REGION METROPOLITANA DE SANTIAGO,131,SANTIAGO,13132,VITACURA
13,REGION METROPOLITANA DE SANTIAGO,132,CORDILLERA,13201,PUENTE ALTO
13,REGION METROPOLITANA DE SANTIAGO,132,CORDILLERA,13202,PIRQUE
13,REGION METROPOLITANA DE SANTIAGO,132,CORDILLERA,13203,SAN JOSE DE MAIPO
13,REGION METROPOLITANA DE SANTIAGO,133,CHACABUCO,13301,COLINA
13,REGION METROPOLITANA DE SANTIAGO,133,CHACABUCO,13302,LAMPA
13,REGION METROPOLITANA DE SANTIAGO,133,CHACABUCO,13303,TILTIL
13,REGION METROPOLITANA DE SANTIAGO,134,MAIPO,13401,SAN BERNARDO
13,REGION METROPOLITANA DE SANTIAGO,134,MAIPO,13402,BUIN
13,REGION METROPOLITANA DE SANTIAGO,134,MAIPO,13403,CALERA DE TANGO
13,REGION METROPOLITANA DE SANTIAGO,134,MAIPO,13404,PAINE
13,REGION METROPOLITANA DE SANTIAGO,135,MELIPILLA,13501,MELIPILLA
13,REGION METROPOLITANA DE SANTIAGO,135,MELIPILLA,13502,ALHUE
13,REGION METROPOLITANA DE SANTIAGO,135,MELIPILLA,13503,CURACAVI
13,REGION METROPOLITANA DE SANTIAGO,135,MELIPILLA,13504,MARIA PINTO
13,REGION METROPOLITANA DE SANTIAGO,135,MELIPILLA,13505,SAN PEDRO
13,REGION METROPOLITANA DE SANTIAGO,136,TALAGANTE,13601,TALAGANTE
13,REGION METROPOLITANA DE SANTIAGO,136,TALAGANTE,13602,EL MONTE
13,REGION METROPOLITANA DE SANTIAGO,136,TALAGANTE,13603,ISLA DE MAIPO
13,REGION METROPOLITANA DE SANTIAGO,136,TALAGANTE,13604,PADRE HURTADO
13,REGION METROPOLITANA DE SANTIAGO,136,TALAGANTE,13605,PEÑAFLOR
6,REGION DEL LIBERTADOR GENERAL BERNARDO O'HIGGINS,61,CACHAPOAL,6101,RANCAGUA
6,REGION DEL LIBERTADOR GENERAL BERNARDO O'HIGGINS,61,CACHAPOAL,6102,CODEGUA
6,REGION DEL LIBERTADOR GENERAL BERNARDO O'HIGGINS,61,CACHAPOAL,6103,COINCO
6,REGION DEL LIBERTADOR GENERAL BERNARDO O'HIGGINS,61,CACHAPOAL,6104,COLTAUCO
6,REGION DEL LIBERTADOR GENERAL BERNARDO O'HIGGINS,61,CACHAPOAL,6105,DOÑIHUE
6,REGION DEL LIBERTADOR GENERAL BERNARDO O'HIGGINS,61,CACHAPOAL,6106,GRANEROS
6,REGION DEL LIBERTADOR GENERAL BERNARDO O'HIGGINS,61,CACHAPOAL,6107,LAS CABRAS
6,REGION DEL LIBERTADOR GENERAL BERNARDO O'HIGGINS,61,CACHAPOAL,6108,MACHALI
6,REGION DEL LIBERTADOR GENERAL BERNARDO O'HIGGINS,61,CACHAPOAL,6109,MALLOA
6,REGION DEL LIBERTADOR GENERAL BERNARDO O'HIGGINS,61,CACHAPOAL,6110,MOSTAZAL
6,REGION DEL LIBERTADOR GENERAL BERNARDO O'HIGGINS,61,CACHAPOAL,6111,OLIVAR
6,REGION DEL LIBERTADOR GENERAL BERNARDO O'HIGGINS,61,CACHAPOAL,6112,PEUMO
6,REGION DEL LIBERTADOR GENERAL BERNARDO O'HIGGINS,61,CACHAPOAL,6113,PICHIDEGUA
6,REGION DEL LIBERTADOR GENERAL BERNARDO O'HIGGINS,61,CACHAPOAL,6114,QUINTA DE TILCOCO
6,REGION DEL LIBERTADOR GENERAL BERNARDO O'HIGGINS,61,CACHAPOAL,6115,RENGO
6,REGION DEL LIBERTADOR GENERAL BERNARDO O'HIGGINS,61,CACHAPOAL,6116,REQUINOA
6,REGION DEL LIBERTADOR GENERAL BERNARDO O'HIGGINS,61,CACHAPOAL,6117,SAN VICENTE
6,REGION DEL LIBERTADOR GENERAL BERNARDO O'HIGGINS,62,CARDENAL CARO,6201,PICHILEMU
6,REGION DEL LIBERTADOR GENERAL BERNARDO O'HIGGINS,62,CARDENAL CARO,6202,LA ESTRELLA
6,REGION DEL LIBERTADOR GENERAL BERNARDO O'HIGGINS,62,CARDENAL CARO,6203,LITUECHE
6,REGION DEL LIBERTADOR GENERAL BERNARDO O'HIGGINS,62,CARDENAL CARO,6204,MARCHIHUE
6,REGION DEL LIBERTADOR GENERAL BERNARDO O'HIGGINS,62,CARDENAL CARO,6205,NAVIDAD
6,REGION DEL LIBERTADOR GENERAL BERNARDO O'HIGGINS,62,CARDENAL CARO,6206,PAREDONES
6,REGION DEL LIBERTADOR GENERAL BERNARDO O'HIGGINS,63,COLCHAGUA,6301,SAN FERNANDO
6,REGION DEL LIBERTADOR GENERAL BERNARDO O'HIGGINS,63,COLCHAGUA,6302,CHEPICA
6,REGION DEL LIBERTADOR GENERAL BERNARDO O'HIGGINS,63,COLCHAGUA,6303,CHIMBARONGO
6,REGION DEL LIBERTADOR GENERAL BERNARDO O'HIGGINS,63,COLCHAGUA,6304,LOLOL
6,REGION DEL LIBERTADOR GENERAL BERNARDO O'HIGGINS,63,COLCHAGUA,6305,NANCAGUA
6,REGION DEL LIBERTADOR GENERAL BERNARDO O'HIGGINS,63,COLCHAGUA,6306,PALMILLA
6,REGION DEL LIBERTADOR GENERAL BERNARDO O'HIGGINS,63,COLCHAGUA,6307,PERALILLO
6,REGION DEL LIBERTADOR GENERAL BERNARDO O'HIGGINS,63,COLCHAGUA,6308,PLACILLA
6,REGION DEL LIBERTADOR GENERAL BERNARDO O'HIGGINS,63,COLCHAGUA,6309,PUMANQUE
6,REGION DEL LIBERTADOR GENERAL BERNARDO O'HIGGINS,63,COLCHAGUA,6310,SANTA CRUZ
7,REGION DEL MAULE,71,TALCA,7101,TALCA
7,REGION DEL MAULE,71,TALCA,7102,CONSTITUCION
7,REGION DEL MAULE,71,TALCA,7103,CUREPTO
7,REGION DEL MAULE,71,TALCA,7104,EMPEDRADO
7,REGION DEL MAULE,71,TALCA,7105,MAULE
7,REGION DEL MAULE,71,TALCA,7106,PELARCO
7,REGION DEL MAULE,71,TALCA,7107,PENCAHUE
7,REGION DEL MAULE,71,TALCA,7108,RIO CLARO
7,REGION DEL MAULE,71,TALCA,7109,SAN CLEMENTE
7,REGION DEL MAULE,71,TALCA,7110,SAN RAFAEL
7,REGION DEL MAULE,72,CAUQUENES,7201,CAUQUENES
7,REGION DEL MAULE,72,CAUQUENES,7202,CHANCO
7,REGION DEL MAULE,72,CAUQUENES,7203,PELLUHUE
7,REGION DEL MAULE,73,CURICO,7301,CURICO
7,REGION DEL MAULE,73,CURICO,7302,HUALAÑE
7,REGION DEL MAULE,73,CURICO,7303,LICANTEN
7,REGION DEL MAULE,73,CURICO,7304,MOLINA
7,REGION DEL MAULE,73,CURICO,7305,RAUCO
7,REGION DEL MAULE,73,CURICO,7306,ROMERAL
7,REGION DEL MAULE,73,CURICO,7307,SAGRADA FAMILIA
7,REGION DEL MAULE,73,CURICO,7308,TENO
7,REGION DEL MAULE,73,CURICO,7309,VICHUQUEN
7,REGION DEL MAULE,74,LINARES,7401,LINARES
7,REGION DEL MAULE,74,LINARES,7402,COLBUN
7,REGION DEL MAULE,74,LINARES,7403,LONGAVI
7,REGION DEL MAULE,74,LINARES,7404,PARRAL
7,REGION DEL MAULE,74,LINARES,7405,RETIRO
7,REGION DEL MAULE,74,LINARES,7406,SAN JAVIER
7,REGION DEL MAULE,74,LINARES,7407,VILLA ALEGRE
7,REGION DEL MAULE,74,LINARES,7408,YERBAS BUENAS
16,REGION DE ÑUBLE,161,DIGUILLÍN,16101,CHILLAN
16,REGION DE ÑUBLE,161,DIGUILLÍN,16102,BULNES
16,REGION DE ÑUBLE,161,DIGUILLÍN,16103,CHILLAN VIEJO
16,REGION DE ÑUBLE,161,DIGUILLÍN,16104,EL CARMEN
16,REGION DE ÑUBLE,161,DIGUILLÍN,16105,PEMUCO
16,REGION DE ÑUBLE,161,DIGUILLÍN,16106,PINTO
16,REGION DE ÑUBLE,161,DIGUILLÍN,16107,QUILLON
16,REGION DE ÑUBLE,161,DIGUILLÍN,16108,SAN IGNACIO
16,REGION DE ÑUBLE,161,DIGUILLÍN,16109,YUNGAY
16,REGION DE ÑUBLE,162,ITATA,16201,QUIRIHUE
16,REGION DE ÑUBLE,162,ITATA,16202,COBQUECURA
16,REGION DE ÑUBLE,162,ITATA,16203,COELEMU
16,REGION DE ÑUBLE,162,ITATA,16204,NINHUE
16,REGION DE ÑUBLE,162,ITATA,16205,PORTEZUELO
16,REGION DE ÑUBLE,162,ITATA,16206,RANQUIL
16,REGION DE ÑUBLE,162,ITATA,16207,TREGUACO
16,REGION DE ÑUBLE,163,PUNILLA,16301,SAN CARLOS
16,REGION DE ÑUBLE,163,PUNILLA,16302,COIHUECO
16,REGION DE ÑUBLE,163,PUNILLA,16303,ÑIQUEN
16,REGION DE ÑUBLE,163,PUNILLA,16304,SAN FABIAN
16,REGION DE ÑUBLE,163,PUNILLA,16305,SAN NICOLAS
8,REGION DEL BIOBIO,81,CONCEPCION,8101,CONCEPCION
8,REGION DEL BIOBIO,81,CONCEPCION,8102,CORONEL
8,REGION DEL BIOBIO,81,CONCEPCION,8103,CHIGUAYANTE
8,REGION DEL BIOBIO,81,CONCEPCION,8104,FLORIDA
8,REGION DEL BIOBIO,81,CONCEPCION,8105,HUALQUI
8,REGION DEL BIOBIO,81,CONCEPCION,8106,LOTA
8,REGION DEL BIOBIO,81,CONCEPCION,8107,PENCO
8,REGION DEL BIOBIO,81,CONCEPCION,8108,SAN PEDRO DE LA PAZ
8,REGION DEL BIOBIO,81,CONCEPCION,8109,SANTA JUANA
8,REGION DEL BIOBIO,81,CONCEPCION,8110,TALCAHUANO
8,REGION DEL BIOBIO,81,CONCEPCION,8111,TOME
8,REGION DEL BIOBIO,81,CONCEPCION,8112,HUALPEN
8,REGION DEL BIOBIO,82,ARAUCO,8201,LEBU
8,REGION DEL BIOBIO,82,ARAUCO,8202,ARAUCO
8,REGION DEL BIOBIO,82,ARAUCO,8203,CAÑETE
8,REGION DEL BIOBIO,82,ARAUCO,8204,CONTULMO
8,REGION DEL BIOBIO,82,ARAUCO,8205,CURANILAHUE
8,REGION DEL BIOBIO,82,ARAUCO,8206,LOS ALAMOS
8,REGION DEL BIOBIO,82,ARAUCO,8207,TIRUA
8,REGION DEL BIOBIO,83,BIOBIO,8301,LOS ANGELES
8,REGION DEL BIOBIO,83,BIOBIO,8302,ANTUCO
8,REGION DEL BIOBIO,83,BIOBIO,8303,CABRERO
8,REGION DEL BIOBIO,83,BIOBIO,8304,LAJA
8,REGION DEL BIOBIO,83,BIOBIO,8305,MULCHEN
8,REGION DEL BIOBIO,83,BIOBIO,8306,NACIMIENTO
8,REGION DEL BIOBIO,83,BIOBIO,8307,NEGRETE
8,REGION DEL BIOBIO,83,BIOBIO,8308,QUILACO
8,REGION DEL BIOBIO,83,BIOBIO,8309,QUILLECO
8,REGION DEL BIOBIO,83,BIOBIO,8310,SAN ROSENDO
8,REGION DEL BIOBIO,83,BIOBIO,8311,SANTA BARBARA
8,REGION DEL BIOBIO,83,BIOBIO,8312,TUCAPEL
8,REGION DEL BIOBIO,83,BIOBIO,8313,YUMBEL
8,REGION DEL BIOBIO,83,BIOBIO,8314,ALTO BIO-BIO
9,REGION DE LA ARAUCANIA,91,CAUTIN,9101,TEMUCO
9,REGION DE LA ARAUCANIA,91,CAUTIN,9102,CARAHUE
9,REGION DE LA ARAUCANIA,91,CAUTIN,9103,CUNCO
9,REGION DE LA ARAUCANIA,91,CAUTIN,9104,CURARREHUE
9,REGION DE LA ARAUCANIA,91,CAUTIN,9105,FREIRE
9,REGION DE LA ARAUCANIA,91,CAUTIN,9106,GALVARINO
9,REGION DE LA ARAUCANIA,91,CAUTIN,9107,GORBEA
9,REGION DE LA ARAUCANIA,91,CAUTIN,9108,LAUTARO
9,REGION DE LA ARAUCANIA,91,CAUTIN,9109,LONCOCHE
9,REGION DE LA ARAUCANIA,91,CAUTIN,9110,MELIPEUCO
9,REGION DE LA ARAUCANIA,91,CAUTIN,9111,NUEVA IMPERIAL
9,REGION DE LA ARAUCANIA,91,CAUTIN,9112,PADRE LAS CASAS
9,REGION DE LA ARAUCANIA,91,CAUTIN,9113,PERQUENCO
9,REGION DE LA ARAUCANIA,91,CAUTIN,9114,PITRUFQUEN
9,REGION DE LA ARAUCANIA,91,CAUTIN,9115,PUCON
9,REGION DE LA ARAUCANIA,91,CAUTIN,9116,SAAVEDRA
9,REGION DE LA ARAUCANIA,91,CAUTIN,9117,TEODORO SCHMIDT
9,REGION DE LA ARAUCANIA,91,CAUTIN,9118,TOLTEN
9,REGION DE LA ARAUCANIA,91,CAUTIN,9119,VILCUN
9,REGION DE LA ARAUCANIA,91,CAUTIN,9120,VILLARRICA
9,REGION DE LA ARAUCANIA,91,CAUTIN,9121,CHOLCHOL
9,REGION DE LA ARAUCANIA,92,MALLECO,9201,ANGOL
9,REGION DE LA ARAUCANIA,92,MALLECO,9202,COLLIPULLI
9,REGION DE LA ARAUCANIA,92,MALLECO,9203,CURACAUTIN
9,REGION DE LA ARAUCANIA,92,MALLECO,9204,ERCILLA
9,REGION DE LA ARAUCANIA,92,MALLECO,9205,LONQUIMAY
9,REGION DE LA ARAUCANIA,92,MALLECO,9206,LOS SAUCES
9,REGION DE LA ARAUCANIA,92,MALLECO,9207,LUMACO
9,REGION DE LA ARAUCANIA,92,MALLECO,9208,PUREN
9,REGION DE LA ARAUCANIA,92,MALLECO,9209,RENAICO
9,REGION DE LA ARAUCANIA,92,MALLECO,9210,TRAIGUEN
9,REGION DE LA ARAUCANIA,92,MALLECO,9211,VICTORIA
14,REGION DE LOS RIOS,141,VALDIVIA,14101,VALDIVIA
14,REGION DE LOS RIOS,141,VALDIVIA,14102,CORRAL
14,REGION DE LOS RIOS,141,VALDIVIA,14103,LANCO
14,REGION DE LOS RIOS,141,VALDIVIA,14104,LOS LAGOS
14,REGION DE LOS RIOS,141,VALDIVIA,14105,MAFIL
14,REGION DE LOS RIOS,141,VALDIVIA,14106,MARIQUINA
14,REGION DE LOS RIOS,141,VALDIVIA,14107,PAILLACO
14,REGION DE LOS RIOS,141,VALDIVIA,14108,PANGUIPULLI
14,REGION DE LOS RIOS,142,DEL RANCO,14201,LA UNION
14,REGION DE LOS RIOS,142,DEL RANCO,14202,FUTRONO
14,REGION DE LOS RIOS,142,DEL RANCO,14203,LAGO RANCO
14,REGION DE LOS RIOS,142,DEL RANCO,14204,RIO BUENO
10,REGION DE LOS LAGOS,101,LLANQUIHUE,10101,PUERTO MONTT
10,REGION DE LOS LAGOS,101,LLANQUIHUE,10102,CALBUCO
10,REGION DE LOS LAGOS,101,LLANQUIHUE,10103,COCHAMO
10,REGION DE LOS LAGOS,101,LLANQUIHUE,10104,FRESIA
10,REGION DE LOS LAGOS,101,LLANQUIHUE,10105,FRUTILLAR
10,REGION DE LOS LAGOS,101,LLANQUIHUE,10106,LOS MUERMOS
10,REGION DE LOS LAGOS,101,LLANQUIHUE,10107,LLANQUIHUE
10,REGION DE LOS LAGOS,101,LLANQUIHUE,10108,MAULLIN
10,REGION DE LOS LAGOS,101,LLANQUIHUE,10109,PUERTO VARAS
10,REGION DE LOS LAGOS,102,CHILOE,10201,CASTRO
10,REGION DE LOS LAGOS,102,CHILOE,10202,ANCUD
10,REGION DE LOS LAGOS,102,CHILOE,10203,CHONCHI
10,REGION DE LOS LAGOS,102,CHILOE,10204,CURACO DE VELEZ
10,REGION DE LOS LAGOS,102,CHILOE,10205,DALCAHUE
10,REGION DE LOS LAGOS,102,CHILOE,10206,PUQUELDON
10,REGION DE LOS LAGOS,102,CHILOE,10207,QUEILEN
10,REGION DE LOS LAGOS,102,CHILOE,10208,QUELLON
10,REGION DE LOS LAGOS,102,CHILOE,10209,QUEMCHI
10,REGION DE LOS LAGOS,102,CHILOE,10210,QUINCHAO
10,REGION DE LOS LAGOS,103,OSORNO,10301,OSORNO
10,REGION DE LOS LAGOS,103,OSORNO,10302,PUERTO OCTAY
10,REGION DE LOS LAGOS,103,OSORNO,10303,PURRANQUE
10,REGION DE LOS LAGOS,103,OSORNO,10304,PUYEHUE
10,REGION DE LOS LAGOS,103,OSORNO,10305,RIO NEGRO
10,REGION DE LOS LAGOS,103,OSORNO,10306,SAN JUAN DE LA COSTA
10,REGION DE LOS LAGOS,103,OSORNO,10307,SAN PABLO
10,REGION DE LOS LAGOS,104,PALENA,10401,CHAITEN
10,REGION DE LOS LAGOS,104,PALENA,10402,FUTALEUFU
10,REGION DE LOS LAGOS,104,PALENA,10403,HUALAIHUE
10,REGION DE LOS LAGOS,104,PALENA,10404,PALENA
11,REGION AISEN DEL GENERAL CARLOS IBAÑEZ DEL CAMPO,111,COIHAIQUE,11101,COIHAIQUE
11,REGION AISEN DEL GENERAL CARLOS IBAÑEZ DEL CAMPO,111,COIHAIQUE,11102,LAGO VERDE
11,REGION AISEN DEL GENERAL CARLOS IBAÑEZ DEL CAMPO,112,AISEN,11201,AISEN
11,REGION AISEN DEL GENERAL CARLOS IBAÑEZ DEL CAMPO,112,AISEN,11202,CISNES
11,REGION AISEN DEL GENERAL CARLOS IBAÑEZ DEL CAMPO,112,AISEN,11203,GUAITECAS
11,REGION AISEN DEL GENERAL CARLOS IBAÑEZ DEL CAMPO,113,CAPITAN PRAT,11301,COCHRANE
11,REGION AISEN DEL GENERAL CARLOS IBAÑEZ DEL CAMPO,113,CAPITAN PRAT,11302,O'HIGGINS
11,REGION AISEN DEL GENERAL CARLOS IBAÑEZ DEL CAMPO,113,CAPITAN PRAT,11303,TORTEL
11,REGION AISEN DEL GENERAL CARLOS IBAÑEZ DEL CAMPO,114,GENERAL CARRERA,11401,CHILE CHICO
11,REGION AISEN DEL GENERAL CARLOS IBAÑEZ DEL CAMPO,114,GENERAL CARRERA,11402,RIO IBAÑEZ
12,REGION DE MAGALLANES Y DE LA ANTARTICA CHILENA,121,MAGALLANES,12101,PUNTA ARENAS
12,REGION DE MAGALLANES Y DE LA ANTARTICA CHILENA,121,MAGALLANES,12102,LAGUNA BLANCA
12,REGION DE MAGALLANES Y DE LA ANTARTICA CHILENA,121,MAGALLANES,12103,RIO VERDE
12,REGION DE MAGALLANES Y DE LA ANTARTICA CHILENA,121,MAGALLANES,12104,SAN GREGORIO
12,REGION DE MAGALLANES Y DE LA ANTARTICA CHILENA,122,ANTARTICA CHILENA,12201,CABO DE HORNO (EX NAVARINO)
12,REGION DE MAGALLANES Y DE LA ANTARTICA CHILENA,122,ANTARTICA CHILENA,12202,ANTARTICA
12,REGION DE MAGALLANES Y DE LA ANTARTICA CHILENA,123,TIERRA DEL FUEGO,12301,PORVENIR
12,REGION DE MAGALLANES Y DE LA ANTARTICA CHILENA,123,TIERRA DEL FUEGO,12302,PRIMAVERA
12,REGION DE MAGALLANES Y DE LA ANTARTICA CHILENA,123,TIERRA DEL FUEGO,12303,TIMAUKEL
12,REGION DE MAGALLANES Y DE LA ANTARTICA CHILENA,124,ULTIMA ESPERANZA,12401,NATALES
12,REGION DE MAGALLANES Y DE LA ANTARTICA CHILENA,124,ULTIMA ESPERANZA,12402,TORRES DEL PAINE
